Mdot,Diameter,RPM,Diameter_value,RPM_value,Omega,Mean Radius,Total Pressure drop,Static Pressure drop,Total Temperature drop,Static Temperature drop,Total Enthalpy drop,Inlet Total Pressure,Outlet Total Pressure,Inlet Total Temperature,Outlet Total Temperature,Inlet Total Enthalpy,Outlet Total Enthalpy,Inlet Static Pressure,Outlet Static Pressure,Inlet Static Temperature,Outlet Static Temperature,Inlet Static Enthalpy,Outlet Static Enthalpy,Inlet Density,Outlet Density,Inlet Absolute Velocity,Outlet Absolute Velocity,Inlet Relative Velocity,Outlet Relative Velocity,Blade Speed,Inlet Blade Speed Ratio,Outlet Blade Speed Ratio,Inlet Mach Number,Outlet Mach Number,Torque_t,Torque_f,Torque_d,Torque_c,Torque_e,Power_t,Power_f,Power_d,Power_e,Fluid Power,Wall Shear Stress,Shaft_efficiency_t,Shaft_efficiency_f,Shaft_efficiency_d,Angular Momentum,Efficiency Total-to-Static,Efficiency Total-to-Total,Torque Force Ratio X,Torque Force Ratio Y,Torque Force Ratio Z,Ns,Ds,pi1,pi2,pi3,pi4
0.0400002151727676,d2,5k,0.002,5000.0,523.5987755982989,0.013855687499996685,2930761.5,3536419.0,13.369705200195,21.07063293457,1401.8125,10520097,7589335.5,266.980072021484,253.61036682128898,699143.875,697742.0625,9781128,6244709.0,261.242431640625,240.171798706055,691701.6875,679129.3125,97.0731964111328,66.4089736938477,131.300445556641,196.61882019043,124.04562454657008,189.3639991803591,7.254821010070919,0.05525359018634328,0.03689789717507435,0.302635133266449,0.520315051078796,0.35794335603714006,0.2662301280486612,0.125837296247482,0.10709116263269096,-0.01257381631935827,187.4187029545925,139.39776907365732,65.88825423978199,-6.583634829413899,56.07280163187528,3098.11303710938,3.3424173128537245,2.486013985689899,1.1750483714430098,-164.5899853532809,0.028477765131799546,0.044005853483933405,-0.09662683168309917,0.4416777333826812,-0.2677730900327371,0.046394091506342314,8.353126507840871,0.03698197909441029,6.658501974194389,143.40614193625115,3.485156528793195e-07
0.040000282227993,d2,10k,0.002,10000.0,1047.1975511965977,0.013855687499996685,2895662.5,3528694.0,13.817169189453011,21.45783996582,2889.9375,10406929,7511266.5,267.394287109375,253.577117919922,699601.375,696711.4375,9773403,6244709.0,261.615997314453,240.158157348633,693172.625,679106.4375,96.63843536376949,66.40158843994139,131.89035034179702,196.497634887695,117.38070832165518,181.98799286755317,14.509642020141838,0.11001291589975878,0.07384130617365743,0.28098976612091103,0.505980849266052,0.353546142578125,0.2607391567926652,0.121852174401283,0.11038826006532404,-0.00850808779716515,370.23265474281567,273.0454064943447,127.60329864100432,-8.909648706557002,115.59831562126051,3090.58422851562,3.20275129229239,2.3620189016329145,1.103850847265597,-222.73964607984317,0.059825108900016834,0.09083351097673327,-0.09670912386509188,0.45897416014114145,-0.26461630430660804,0.054052883032751645,9.986736821697317,0.018574208723971353,3.4317454276246644,35.58153381234918,1.748858862140893e-07
0.0399999991059303,d2,15k,0.002,15000.0,1570.7963267948967,0.013855687499996685,2869456.5,3523439.0,14.292434692383011,21.870147705077983,4470.75,10305012,7435555.5,267.77581787109403,253.48338317871102,699988.8125,695518.0625,9768148,6244709.0,261.962615966797,240.092468261719,694503.9375,678906.5625,96.2625198364258,66.42873382568361,132.404800415039,196.282821655273,110.64033738482625,174.51835862506024,21.764463030212756,0.16437820201374415,0.11088317788928662,0.259284645318985,0.49154523015022294,0.349276721477509,0.25575249519217785,0.11818599700927698,0.11384671134782214,-0.00443734341477466,548.6425911318353,401.7350800165024,185.64612998076493,-6.970162736655559,178.8299960028379,3080.59423828125,3.0679561784653213,2.246463619057103,1.0381151603773389,-174.2540723112711,0.0941921948180098,0.1403912776486105,-0.09680126259006865,0.47114770530423583,-0.26180169019813293,0.058564705804155404,11.116083332787644,0.012431074021096587,2.359524441165322,15.732093345508027,1.1696350617635138e-07
0.0399999991059303,d2,20k,0.002,20000.0,2094.3951023931954,0.013855687499996685,2852046.0,3520821.0,14.794876098633011,22.307632446288977,6143.1875,10214100,7362054.0,268.12518310546903,253.33030700683602,700307.6875,694164.5,9765530,6244709.0,262.283172607422,239.975540161133,695697.5,678532.0,95.9455413818359,66.49008941650389,132.841781616211,195.977340698242,103.82249757592731,166.9580566579583,29.019284040283676,0.21844997625914395,0.14807469035395474,0.237481936812401,0.476980328559875,0.345132112503052,0.251254795566804,0.114829480648041,0.11732623621339526,-0.0003501529744024369,722.8430061050094,526.2268132879179,240.49830187961126,-0.7333586746768738,245.7274945075622,3068.24267578125,2.9416447986562777,2.1415056314413503,0.9787195460628847,-18.333967276717885,0.13154717403695412,0.19231020103584623,-0.09690331892811788,0.47696586673586117,-0.25932405228260486,0.06162839783015138,12.01541916963944,0.009354107228247133,1.8237293725353916,8.824667484200859,8.796703540104051e-08
0.0399999991059303,d2,25k,0.002,25000.0,2617.993877991494,0.013855687499996685,2843267.5,3520800.0,15.323974609375028,22.769561767577954,7908.3125,10133854,7290586.5,268.44281005859403,253.118835449219,700561.875,692653.5625,9765509,6244709.0,262.57794189453097,239.808380126953,696756.625,677985.9375,95.6856231689453,66.5851974487305,133.202301025391,195.580978393555,96.9281959750364,159.3068733432004,36.27410505035459,0.2723234116161404,0.1854684711585937,0.215562760829926,0.4622499048709871,0.341103345155716,0.2472339689931407,0.111777901649475,0.12083011178471716,0.0037615743766996135,893.0064693800841,647.2570172555812,292.63386221306087,9.847778689809259,316.3324929294174,3053.44873046875,2.8229995000208175,2.0461287781777204,0.9250831601366845,246.19447274810682,0.17186951639447978,0.2462528888055023,-0.09701537464397544,0.4756273963668372,-0.2571706051833319,0.06382817188863314,12.781222197543535,0.007503613206956204,1.5025551389731844,5.645697791947985,7.054104135166922e-08
0.039991058409214,d2,30k,0.002,30000.0,3141.5926535897934,0.013855687499996685,2852461.5,3532430.0,15.925811767578011,23.303070068358977,9797.3125,10072700,7220238.5,268.723876953125,252.798065185547,700637.0625,690839.75,9777139,6244709.0,262.856079101562,239.553009033203,697573.5625,677138.4375,95.58441162109379,66.7394180297852,133.343124389648,194.976226806641,89.8141983292225,151.4473007462155,43.52892606042551,0.3264429737916419,0.22325247940916093,0.19322687387466397,0.447136521339417,0.3376583158969881,0.2439125916266179,0.10847623646259301,0.12471537199233007,0.007939718637223495,1060.7848846454795,766.2740059722302,340.7881475599515,24.943361742271296,391.8048964408224,3046.04614257812,2.7074314136492643,1.9557540320019124,0.8697904254277833,623.7234705577166,0.21546017505442733,0.30202330286584805,-0.09714457479256415,0.4621086295246368,-0.2563826533503185,0.06525406417898932,13.478665699139778,0.006258233000075966,1.2926801040924074,3.9374660667755705,5.8864399512338177e-08
0.0399889536201954,d2,35k,0.002,35000.0,3665.1914291880917,0.013855687499996685,2858625.5,3535317.0,16.492813110350966,23.796401977538977,11731.0,10011795,7153169.5,268.976165771484,252.483352661133,700796.8125,689065.8125,9780026,6244709.0,263.094573974609,239.29817199707,698385.4375,676289.625,95.4119415283203,66.8954010009766,133.58401489257798,194.410049438477,82.80026782208157,143.62630236798057,50.783747070496425,0.3801633534621215,0.26121976316130435,0.17127886414527901,0.432126849889755,0.33377549052238503,0.24082318399449623,0.10616529732942599,0.12799069952600783,0.012059786629158074,1223.3510671356967,882.6630699264144,389.11613784901755,44.20142659102732,469.1104149185123,3024.2451171875,2.607810503094887,1.8815678395879125,0.8294766551209691,1105.3409151647447,0.261049246657947,0.3583547150922216,-0.09727379199708852,0.4478045494217611,-0.25466946636060445,0.0665677747825674,14.087151351866103,0.005373613400519552,1.1371704330930805,2.9043239396368263,5.054091429375567e-08
0.0399863570928574,d2,40k,0.002,40000.0,4188.790204786391,0.013855687499996685,2873095.5,3540649.0,17.079772949219006,24.30790710449199,13744.125,9961346,7088250.5,269.195343017578,252.115570068359,700899.4375,687155.3125,9785358,6244709.0,263.30596923828097,238.99806213378898,699063.0,675283.125,95.29364013671879,67.0836181640625,133.749771118164,193.757675170898,75.71120303759665,135.71910709033065,58.03856808056735,0.43393396187042427,0.29954203377686184,0.149335935711861,0.416965454816818,0.330009788274765,0.23822818452566374,0.10417778044939,0.13120196126100678,0.01619631648586406,1382.3417686089665,997.8878858451451,436.378866302792,67.84297184960771,549.5774901788687,2999.7275390625,2.5152809081737706,1.8157364587846685,0.7940260911355113,1696.6529782160678,0.30893297720892193,0.4151862624947961,-0.09741162357277298,0.42792765741101063,-0.2532662088401194,0.06759658388213947,14.647495994658314,0.004707443190078079,1.0200553239787158,2.237653183307984,4.42805268088357e-08
0.0399845317006111,d2,45k,0.002,45000.0,4712.38898038469,0.013855687499996685,2895765.0,3548388.0,17.68379211425801,24.835540771483977,15831.8125,9921325,7025560.0,269.381134033203,251.697341918945,700946.8125,685115.0,9793097,6244709.0,263.48980712890597,238.654266357422,699605.8125,674123.0625,95.2288284301758,67.30381011962889,133.840759277344,193.027053833008,68.54737018670573,127.73366474236974,65.29338909063827,0.48784383354653355,0.33826029975634936,0.127476811408997,0.401666969060898,0.32635661959648105,0.23613805533878857,0.10253117978572801,0.134332630735569,0.020352767840797446,1537.9193378620553,1112.7743698279774,483.1668017681061,95.91015889330178,633.0276087843811,2972.29565429688,2.4294664506266335,1.7578607226387268,0.7632633949346119,2398.681560445435,0.35877864765069806,0.47200440666938365,-0.0975574537705337,0.40396348135752635,-0.2521568487847016,0.06841556843764672,15.169768337305506,0.004187050650654402,0.928393782840231,1.7831852329224547,3.9395490926521424e-08
0.0399831049144268,d2,50k,0.002,50000.0,5235.987755982988,0.013855687499996685,2926535.0,3558390.0,18.302261352538977,25.37641906738301,17989.0625,9891628,6965093.0,269.533294677734,251.231033325195,700941.875,682952.8125,9803099,6244709.0,263.6455078125,238.269088745117,700014.75,672815.6875,95.21582794189449,67.555305480957,133.85900878906202,192.219833374023,61.31079868835283,119.67162327331383,72.54821010070918,0.5419748043632405,0.37742312448863824,0.105860598385334,0.38622897863388106,0.322809338569641,0.23456564114551787,0.101237304508686,0.13736826875269295,0.024528486904539543,1690.2257442676073,1228.182825012231,530.0772868562012,128.4308571049581,719.2585732496808,2941.75341796875,2.349955644784325,1.70756786319999,0.7369773633163106,3212.128157126121,0.4102167610892446,0.5283217288268913,-0.09771065991529122,0.3774496610354013,-0.2513320150083378,0.06907579763027169,15.661253665319414,0.003768725618434513,0.8544666863090198,1.459927128926465,3.5473430663471134e-08
0.0399824790656567,d2,55k,0.002,55000.0,5759.586531581287,0.013855687499996685,2965484.5,3570722.0,18.931579589843977,25.92768859863301,20206.8125,9872379,6906894.5,269.651336669922,250.719757080078,700884.6875,680677.875,9815431,6244709.0,263.772735595703,237.84504699707,700287.9375,671368.0625,95.2554473876953,67.8373641967773,133.803329467773,191.341415405273,54.000298356992914,111.53838429449291,79.8030311107801,0.596420368821995,0.417071395347172,0.0847858041524887,0.37066051363945,0.319364279508591,0.2335340716968313,0.10031409561634101,0.14027369036559767,0.02872697984124148,1839.4062029258423,1345.0596940104083,577.7677140396352,165.45552618662157,807.9184577649,2907.88134765625,2.2767225890772997,1.6648458530474786,0.7151312220765755,4138.200783271117,0.46273793509558186,0.5835580803496203,-0.09787192402867335,0.3497702749009838,-0.25077079333069313,0.0696238279698027,16.126591298306103,0.0034246355743010348,0.7932298447644391,1.2221009213903762,3.225148903836156e-08
0.039982546120882,d2,60k,0.002,60000.0,6283.185307179587,0.013855687499996685,3012346.5,3585051.0,19.567047119141023,26.48497009277301,22477.8125,9863349,6851002.5,269.73455810546903,250.167510986328,700780.125,678302.3125,9829760,6244709.0,263.870635986328,237.385665893555,700428.25,669790.4375,95.3441925048828,68.14865112304689,133.678787231445,190.39709472656202,46.620935110593976,103.339242605711,87.05785212085102,0.651246573400784,0.4572435952653521,0.0649473145604134,0.354970157146454,0.316004365682602,0.23306275046491978,0.0997872278094292,0.14303575830412804,0.032947008819198924,1985.51398746153,1464.3764493720464,626.9816436163878,207.01216172830695,898.7201749777879,2870.25170898438,2.209268293671723,1.6294019986902362,0.6976383317887392,5177.563257288138,0.5158741146511377,0.637285673533753,-0.0980464250601047,0.32216882871395836,-0.25046119917738585,0.07008941516306794,16.569464979954066,0.0031363325645921785,0.7414436612660262,1.0421609435757213,2.9555231741044654e-08
0.0399830415844917,d2,65k,0.002,65000.0,6806.7840827778855,0.013855687499996685,3067149.5,3601267.0,20.20683288574301,27.046066284178977,24798.25,9864582,6797432.5,269.782592773438,249.575759887695,700629.0,675830.75,9845976,6244709.0,263.93853759765597,236.892471313477,700434.3125,668086.125,95.48129272460942,68.48935699462889,133.48684692382798,189.386169433594,39.17417379290603,95.07349630267205,94.31267313092195,0.7065315819823048,0.4979913444207,0.0481804385781288,0.339155584573746,0.312725782394409,0.23317838967212579,0.0996687263250351,0.14566489092569848,0.03718744998207863,2128.656877876524,1587.194951268005,678.4234998999941,253.12694261711158,991.5094609726214,2828.81079101562,2.14688508951636,1.600786491448146,0.684233006949318,6330.857598269673,0.5692064447236598,0.6891960375517968,-0.09824105978888384,0.2956246264758029,-0.2503822782840839,0.07048634127808306,16.993567649546268,0.002890955039292346,0.6969809915114272,0.9028519797073845,2.72634772223579e-08
0.0899897217750549,d3,5k,0.003,5000.0,523.5987755982989,0.015511937500003566,2898686.5,3541595.5,13.356781005860029,21.169311523437983,1403.875,10510978,7612291.5,267.05731201171903,253.700531005859,699045.75,697641.875,9793749,6252153.5,261.332000732422,240.162689208984,691822.75,678902.5,97.1488189697266,66.5519332885742,131.199478149414,197.147521972656,123.0774466672548,189.0254904904968,8.122031482159205,0.06190597399259153,0.04119773558850877,0.298087775707245,0.521787941455841,1.06805455684662,0.31544172793032726,0.47818860411644,0.24128077937653156,-0.06165646174812486,559.2320582370739,165.16490251693108,250.37896762042763,-32.283247879041525,126.3343206569552,2886.72119140625,4.426604388490738,1.3073636812075429,1.981876075467251,-358.7437236414528,0.028632343557829662,0.04458626469364365,0.8353455232995194,-0.03968648452033183,-0.2416040518869865,0.06948322762415683,6.239509640362076,0.05924730985019934,5.3203366282212725,113.07703028269762,2.780073612558938e-07
0.08997689187526699,d3,10k,0.003,10000.0,1047.1975511965977,0.015511937500003566,2850116.0,3533804.5,13.888793945311988,21.61523437500003,2970.25,10380800,7530684.0,267.538665771484,253.649871826172,699562.25,696592.0,9785958,6252153.5,261.767242431641,240.152008056641,693519.75,678895.8125,96.6577987670898,66.5382843017578,131.864593505859,196.89576721191398,115.6205305415406,180.65170424759557,16.24406296431841,0.12318744958324733,0.08250082363037968,0.27232423424720803,0.507060885429382,1.05246424674988,0.30358845407973756,0.46390390396118203,0.2552086402294674,-0.04681783106237384,1102.137981918446,317.9170856838619,485.7990322186915,-49.02751804085389,267.2538630925118,2878.3076171875,4.123936579120405,1.1895696548783383,1.8177437235043026,-544.8901047706747,0.061917932728263306,0.09478814651307296,0.8294349213730137,-0.040409481488939775,-0.23829768512470526,0.07941104439512103,7.506668712153762,0.029769897737343808,2.8141269468389694,27.936777951095163,1.3957399354105715e-07
0.0899759009480476,d3,15k,0.003,15000.0,1570.7963267948967,0.015511937500003566,2816108.0,3531380.5,14.468688964844006,22.11067199707,4694.25,10267615,7451507.0,267.975372314453,253.506683349609,699960.3125,695266.0625,9783534,6252153.5,262.16845703125,240.05778503418,695006.6875,678604.6875,96.2688369750977,66.5802001953125,132.396377563477,196.52757263183602,108.03028311699937,172.16147818535842,24.366094446477614,0.1840389812387078,0.12398308349395695,0.24627758562564803,0.49218401312828103,1.0374720096588101,0.29427209185890135,0.45088252425193803,0.26888869411045063,-0.031824225557890766,1629.6572219245786,462.24152097021266,708.2446129109552,-49.98937660942709,422.36937302537245,2866.7548828125,3.858369773005966,1.094401134389176,1.6768370486664281,-555.5862856910003,0.09981981356839571,0.14997827844425804,0.8230747151856893,-0.04094735183024826,-0.2353553847796399,0.08467699847157648,8.399769258883861,0.01992656665108802,1.976670937941824,12.317760151100416,9.336768684655595e-08
0.0899779200553894,d3,20k,0.003,20000.0,2094.3951023931954,0.015511937500003566,2795999.0,3533463.5,15.090805053710966,22.647308349608977,6568.8125,10170625,7374626.0,268.366180419922,253.27537536621102,700255.1875,693686.375,9785617,6252153.5,262.533294677734,239.885986328125,696291.25,678049.0,95.9712753295898,66.6740798950195,132.806198120117,196.03370666503898,100.31807219148017,163.54558073640214,32.48812592863682,0.244628085048055,0.16572724395886154,0.220041885972023,0.477133691310883,1.02302193641663,0.287442610851556,0.439194768667221,0.2822046734679964,-0.016726733662281557,2142.6121332717926,602.018396386612,919.8473724933401,-35.032389061317886,591.0480859838426,2851.53125,3.6251062884422653,1.0185607747709877,1.5562987078491035,-389.3442862399165,0.14217720257593172,0.20934754775212464,0.816318880802465,-0.041266397354321964,-0.23274406893476893,0.08789027155503748,9.121587246473478,0.01499159856162359,1.5558852171519786,6.900593339340345,7.022068765566091e-08
0.0899710059165955,d3,25k,0.003,25000.0,2617.993877991494,0.015511937500003566,2788418.0,3538423.5,15.74728393554696,23.213195800780994,8584.9375,10088310,7299892.0,268.71026611328097,252.962982177734,700469.5,691884.5625,9790577,6252153.5,262.85888671875,239.645690917969,697388.75,677258.375,95.74596405029301,66.81460571289061,133.118301391602,195.40380859375,92.50814398080597,154.79365118295397,40.61015741079602,0.30506817609797104,0.20782684689235345,0.19375270605087302,0.46187898516654996,1.00896239280701,0.2829887827779051,0.428978025913239,0.29503333414922983,-0.0016083083422819765,2641.4573674924013,740.8629008528204,1123.0618456337363,-4.210541394016863,772.3954626061026,2831.53540039062,3.4198250706703877,0.9591756253371949,1.4539985020684445,-46.79886982613152,0.18872933394995273,0.27200174833545965,0.8092487713340704,-0.04134818754015675,-0.23039924519508792,0.08998224476653503,9.741801508072294,0.012020577904523367,1.301391005103456,4.414769811223931,5.630270665437701e-08
0.08995606005191802,d3,30k,0.003,30000.0,3141.5926535897934,0.015511937500003566,2795954.0,3550436.0,16.458633422851022,23.853210449219006,10761.75,10017233,7221279.0,269.009307861328,252.550674438477,700646.4375,689884.6875,9795145,6244709.0,263.142456054688,239.289245605469,698338.375,676221.4375,95.5542831420898,66.9277191162109,133.38508605957,194.854705810547,84.65289716661476,146.12251691759175,48.73218889295523,0.3653496079103728,0.2500950063804796,0.167495250701904,0.44702553749084495,0.995199739933014,0.2810369004548187,0.41963118314743,0.3081509081572147,0.013666255032474015,3126.5121918280297,882.9034618565046,1318.3102421931592,42.93380641210491,968.0846292637287,2809.09765625,3.2295856140241384,0.9120106188732608,1.3617716905553934,477.2753096047745,0.23931155022173736,0.33732490476953514,0.8020544445500448,-0.041136994371403834,-0.22855589502320425,0.09122793237227905,10.29856307310215,0.010035575176558759,1.1328986774455676,3.0802646661201414,4.7009613125365596e-08
0.089954286813736,d3,35k,0.003,35000.0,3665.1914291880917,0.015511937500003566,2815399.0,3564239.0,17.183654785155966,24.48664855957,13052.375,9966311,7150912.0,269.25958251953097,252.075927734375,700675.25,687622.875,9808948,6244709.0,263.393524169922,238.906875610352,699035.6875,674938.875,95.5040664672852,67.1675491333008,133.455078125,193.9853515625,76.60085774988558,137.13113118738556,56.85422037511442,0.42601766207698905,0.2930851217226915,0.140966072678566,0.43135908246040294,0.9821696281433109,0.28147366287050557,0.412171185016632,0.3203426361308845,0.02902013740485831,3599.839703079718,1031.6548566951553,1510.686294681259,106.36435889014743,1174.1170843504374,2781.11547851562,3.065997208507766,0.8786643772123484,1.2866572804508873,1182.426793182086,0.2932571263382144,0.40380323588472455,0.7943893482097536,-0.04069934105351983,-0.22682749369571525,0.09211481955695341,10.804842164200325,0.008606274875055058,1.0094949118279346,2.27998862230441,4.033323324574165e-08
0.0899575278162956,d3,40k,0.003,40000.0,4188.790204786391,0.015511937500003566,2848473.5,3582588.0,17.935150146484006,25.14750671386699,15463.375,9931321,7082847.5,269.461395263672,251.52624511718798,700613.625,685150.25,9827297,6244709.0,263.605987548828,238.45848083496102,699528.4375,673423.4375,95.5424957275391,67.4560394287109,133.40133666992202,193.007354736328,68.42508481264838,128.03110287905437,64.97625185727364,0.48707346927149514,0.3366516884604696,0.114474780857563,0.415502160787582,0.9696592092514041,0.284403817963797,0.406176269054413,0.3320880060087055,0.04450261101564834,4061.698997693199,1191.3079268906047,1701.3871772318068,186.4121011097667,1391.04698669631,2748.8076171875,2.9198862702255646,0.8564109899119376,1.223098280290693,2072.223477399728,0.350006709283109,0.47052849971997246,0.7864680354510138,-0.04002230764849282,-0.2253966038038673,0.09268956807407791,11.274613132737146,0.007527732799578464,0.9156615662944207,1.7654129154516436,3.530301665717158e-08
0.0899648070335388,d3,45k,0.003,45000.0,4712.38898038469,0.015511937500003566,2894781.5,3604901.0,18.708023071288977,25.83012390136699,17989.5625,9911863,7017081.5,269.614013671875,250.90599060058602,700469.8125,682480.25,9849610,6244709.0,263.778289794922,237.948165893555,699820.375,671686.1875,95.6633071899414,67.79221343994139,133.23287963867202,191.923828125,60.13459629923918,118.82554478556716,73.09828333943284,0.5486504798040515,0.38087132824291065,0.0883095636963844,0.39944773912429793,0.957611799240112,0.2898331631503171,0.40172985196113603,0.3434409862316094,0.060102220895602194,4512.639290225459,1365.8066041795921,1893.10732747323,283.22504344508224,1618.427518930286,2711.6640625,2.7882863071978217,0.8439096519332137,1.1697201792048717,3148.175967736986,0.4089970964419813,0.5366726305024909,0.7783389982309855,-0.03915538514703686,-0.22424372390695488,0.09303348965932494,11.716221169019416,0.00668340846621174,0.8416785400587734,1.415780904115886,3.137133045888863e-08
0.0899732857942581,d3,50k,0.003,50000.0,5235.987755982988,0.015511937500003566,2953905.0,3630508.0,19.496154785155994,26.527252197265994,20621.5,9907511,6953606.0,269.716796875,250.220642089844,700252.1875,679630.6875,9875217,6244709.0,263.908660888672,237.381408691406,699915.6875,669742.6875,95.8595733642578,68.1743316650391,132.96008300781202,190.73683166503898,51.739768186219976,109.51651684344694,81.22031482159204,0.6108623955719099,0.4258239696684617,0.0632510483264923,0.38318541646003706,0.945951282978058,0.2977908494325943,0.398936033248901,0.3543522635029481,0.07580129522020035,4952.989335429511,1559.2292414728374,2088.824185511668,396.89465366062086,1855.3841130062935,2669.02221679688,2.6695223381018085,0.840380830331896,1.1258176519185181,4411.249963330225,0.4695320125550433,0.6013976808836519,0.7701715613051338,-0.03811151271688711,-0.22333629512129613,0.09321750561488615,12.134923990435638,0.0060033178953025354,0.7815034941064195,1.1678086929706075,2.8209809007737846e-08
0.0899840518832207,d3,55k,0.003,55000.0,5759.586531581287,0.015511937500003566,3026461.5,3659799.0,20.295593261719034,27.235733032227046,23347.375,9918930,6892468.5,269.76849365234403,249.472900390625,699955.5,676608.125,9904508,6244709.0,263.99627685546903,236.760543823242,699805.5625,667597.0625,96.13681030273442,68.6030960083008,132.57666015625,189.449890136719,43.23431385249876,100.10754383296776,89.34234630375124,0.673891967096287,0.4715882719133601,0.0419754162430763,0.36671602725982705,0.9347072243690491,0.3083396277927065,0.397829055786133,0.36476427462584066,0.09161790689871374,5383.5271404477035,1775.9087673876595,2291.330871577512,527.6812626254999,2100.8914033370097,2621.0537109375,2.562496629714714,0.8453120254416031,1.0906469834366557,5864.164277802392,0.5307435529949254,0.6637794235326759,0.7623283451856167,-0.036878753858607324,-0.22270618853909455,0.09329334857724164,12.53480662403976,0.0054424745041317755,0.731245758737836,0.9859859947726494,2.5607665643739705e-08
0.0899995788931847,d3,60k,0.003,60000.0,6283.185307179587,0.015511937500003566,3103836.5,3685041.0,21.194595336914034,27.896865844727046,26147.5625,9938236,6834399.5,269.92181396484403,248.72721862793,699761.3125,673613.75,9929750,6244709.0,264.03631591796903,236.139450073242,699673.3125,665434.625,96.4062728881836,69.0417556762695,134.037307739258,188.17286682128898,36.572929953347554,90.70848903537852,97.46437778591046,0.7271436544779558,0.5179512829470471,0.0321217961609364,0.350253880023956,0.926428139209747,0.3237537538117661,0.396589368581772,0.37453449150930257,0.10396811722947803,5820.919672440407,2034.2048290943258,2491.8444936566198,653.2509465913812,2353.2696140832277,2585.08740234375,2.4735455884888418,0.8644163919512464,1.05888610414382,7258.3778127082915,0.592318441587366,0.7242433528630157,0.7458393681407041,-0.03585084916104614,-0.2228758652976084,0.09336283981363325,12.91178400163723,0.00497584897301942,0.6881440977228452,0.847308810463453,2.3437001984942753e-08
0.160000026226044,d4,5k,0.004,5000.0,523.5987755982989,0.017010000000010718,2875219.0,3563094.5,13.365997314452983,21.383071899414034,1434.0,10512003,7636784.0,267.128631591797,253.762634277344,698847.3125,697413.3125,9815248,6252153.5,261.424957275391,240.041885375977,691838.8125,678434.5,97.3318099975586,66.6719512939453,130.95407104492202,198.245315551758,122.04765587198935,189.33890037882534,8.906415172932675,0.06801174718636621,0.04492623267361585,0.29347795248031605,0.525029420852661,2.32166409492493,1.1410746987611373,1.16231292486191,0.43819819354232376,-0.16077719559211953,1215.620477453226,597.4653151375292,608.5856243197736,-84.182742756162,229.4400376081471,2748.53002929688,5.298205536077113,2.6040150680149385,2.652482237468756,-526.142055984608,0.029256903268345666,0.04598536086597413,-0.21713592759279987,0.40387444870528805,-0.24353055399361276,0.09110021163906655,5.163438040687029,0.07973769992199564,4.5194260874533585,93.10012559156193,2.3100161879076596e-07
0.159999996423721,d4,10k,0.004,10000.0,1047.1975511965977,0.017010000000010718,2817463.0,3556205.5,13.984588623047017,21.887268066407017,3092.875,10368006,7550543.0,267.667144775391,253.682556152344,699403.0,696310.125,9808359,6252153.5,261.914459228516,240.027191162109,693719.9375,678422.75,96.8025588989258,66.65500640869139,131.667984008789,197.82458496093798,113.85515366292366,180.01175461507262,17.81283034586535,0.13528596552884353,0.09004356232761784,0.26391649246215804,0.509784996509552,2.28354692459106,1.1068679955764948,1.12699830532074,0.4725564802682704,-0.123581078781078,2391.32474747428,1159.1094544655919,1180.1898655345944,-129.41380307377872,494.8599889390161,2739.78002929688,4.83232591222681,2.342297781945823,2.3848965200539474,-808.8362872900179,0.0646515791279722,0.09989063552533285,-0.2175942858209287,0.4267884109480014,-0.23981289271752604,0.10265341683272487,6.240341166239524,0.040086818474251724,2.43689329850633,22.932189887277453,1.1601652092525851e-07
0.159999996423721,d4,15k,0.004,15000.0,1570.7963267948967,0.017010000000010718,2779347.5,3556216.5,14.668487548828011,22.456954956055,4975.9375,10246091,7466743.5,268.14697265625,253.478485107422,699807.3125,694831.375,9808370,6252153.5,262.35888671875,239.901931762695,695327.6875,678033.5625,96.4050521850586,66.7123260498047,132.20950317382798,197.23802185058602,105.49025765502995,170.518776331788,26.71924551879803,0.20209776814354852,0.1354670122327565,0.233990833163261,0.49431562423706105,2.2470097541809104,1.077611048441837,1.09519827365875,0.5068448204415841,-0.08598027359120881,3529.5946681396777,1692.7074766060352,1720.3334253752766,-135.05749793389106,796.1499822046593,2726.53564453125,4.4333288287788415,2.126116327879168,2.1608157556085277,-844.1093809541358,0.1062824478456926,0.1610380884454655,-0.21810295516227537,0.4442507847256756,-0.23650934579908328,0.10801244049562404,7.013631579910738,0.026834738902654882,1.7424749532804464,10.095659233151043,7.762121703065105e-08
0.159999996423721,d4,20k,0.004,20000.0,2094.3951023931954,0.017010000000010718,2760099.5,3562330.5,15.407791137696023,23.081695556640994,7067.5,10145662,7385562.5,268.56561279296903,253.157821655273,700075.375,693007.875,9814484,6252153.5,262.7548828125,239.673187255859,696665.375,677290.0625,96.12942504882808,66.839714050293,132.587707519531,196.49104309082,96.9620468278003,160.8653823990893,35.6256606917307,0.26869504992748156,0.1813093367073439,0.20386247336864496,0.478656738996506,2.2119901180267303,1.05316189343928,1.06727063655853,0.5399172168768542,-0.0481417490707128,4632.78126973733,2205.7371116463723,2235.2863941362534,-100.82784347434306,1130.7999747246483,2708.12036132812,4.096906060566035,1.950598833523562,1.9767301415801228,-630.1740358001325,0.15378700581063548,0.2280377986898819,-0.2186598965480993,0.45404980806808437,-0.23358375632779652,0.11085136998977824,7.64572986162285,0.020183760614677717,1.3921305732686808,5.655650292811071,5.8374604508613425e-08
0.159999996423721,d4,25k,0.004,25000.0,2617.993877991494,0.017010000000010718,2759127.0,3574158.5,16.19841003418,23.75686645507804,9365.3125,10065747,7306620.0,268.923828125,252.72541809082,700219.25,690853.9375,9826312,6252153.5,263.10272216796903,239.345855712891,697742.875,676207.125,95.96826934814449,67.0349807739258,132.809860229492,195.585205078125,88.27778436482862,151.05312921346163,44.532075864663376,0.33530700045699247,0.2276863214008206,0.17345915734767903,0.46273157000541704,2.17824792861938,1.0333080919352595,1.04328829050064,0.572365725949149,-0.0099279381572381,5702.639741873189,2705.1942587655813,2731.322357510887,-25.991281316727502,1498.4499665070296,2683.97509765625,3.805692461768584,1.8053283854859299,1.8227651363480302,-162.4455118604874,0.20694805051447038,0.29974583608722855,-0.21926542742204871,0.4546358157443146,-0.2309944196656568,0.11228534470413035,8.196316544448914,0.016174123521377547,1.1806370329052451,3.6244169792278056,4.678866076442356e-08
0.159999996423721,d4,30k,0.004,30000.0,3141.5926535897934,0.017010000000010718,2779441.5,3596090.0,17.054214477539034,24.521316528321023,11867.4375,10003699,7224257.5,269.22064208984403,252.166427612305,700278.9375,688411.5,9840799,6244709.0,263.397369384766,238.876052856445,698588.75,674784.8125,95.8871078491211,67.22219848632811,132.922027587891,194.739700317383,79.48353655029493,141.30120927978695,53.43849103759606,0.4020288586273734,0.27440984529863727,0.143040701746941,0.44722121953964206,2.14571380615234,1.0180862265688022,1.02214354276657,0.6044036152774449,0.02871922927731338,6740.958730114386,3198.412210109503,3211.1586448697008,90.22411971436863,1898.7899575587326,2656.35180664062,3.550133969942211,1.6844476122159875,1.691160537313077,563.9007608189686,0.264880437458537,0.3742878888440708,-0.21990252388097822,0.4443302644303678,-0.22895180912555382,0.11286571430145398,8.6924794153843,0.013489844788902864,1.038935507297425,2.5376338227029986,3.904029845916562e-08
0.159999996423721,d4,35k,0.004,35000.0,3665.1914291880917,0.017010000000010718,2816216.0,3620357.0,17.934158325196023,25.285415649413977,14547.1875,9966119,7149903.0,269.452789306641,251.518630981445,700174.375,685627.1875,9865066,6244709.0,263.645263671875,238.35984802246102,699124.75,673041.75,95.9654083251953,67.55312347412111,132.813461303711,193.515731811523,70.46855509318227,131.1708256009943,62.34490621052872,0.4694170726261067,0.32216970489639724,0.112426988780499,0.43076258897781394,2.11494779586792,1.007890131438782,1.0061101317405698,0.6350418505946345,0.06758632467325802,7751.688534595346,3694.110271312683,3687.5862316748385,247.71681792274896,2327.549947975199,2621.14916992188,3.330406954892099,1.5871239517443196,1.5843209873467048,1548.2301466228246,0.32728645767326986,0.45048052818903733,-0.22060770304519572,0.42565889534690743,-0.22709688313685822,0.11298349725858052,9.150112626021395,0.011553289801123027,0.9356579097511658,1.8875101809104806,3.3468922544910173e-08
0.159999996423721,d4,40k,0.004,40000.0,4188.790204786391,0.017010000000010718,2871440.5,3650152.0,18.846023559571023,26.08137512207,17397.0625,9949315,7077874.5,269.620025634766,250.774002075195,699957.6875,682560.625,9894861,6244709.0,263.840362548828,237.758987426758,699392.4375,670995.0625,96.1559295654297,67.94949340820311,132.55029296875,192.144088745117,61.2989715852886,120.89276736165559,71.2513213834614,0.5375417872539866,0.3708223440481571,0.082118846476078,0.41402345895767206,2.0854656696319602,1.0028058655799434,0.994473278522491,0.6645188232637204,0.10677764114960238,8735.578169372646,4200.543387043605,4165.639927996818,447.2691373376507,2783.5299377832507,2579.31030273438,3.138309400160248,1.5090706695933138,1.4965313903949793,2795.4321708431,0.3929870519982377,0.5265055114240627,-0.22137451664805832,0.3999197092655272,-0.2255685168847136,0.11279857616589417,9.578143493249446,0.010089098571356935,0.8567026031593941,1.4705436282686544,2.9266218932481375e-08
0.159999996423721,d4,45k,0.004,45000.0,4712.38898038469,0.017010000000010718,2944765.5,3684793.0,19.77893066406301,26.898254394530994,20396.875,9953008,7008242.5,269.721069335938,249.942138671875,699637.125,679240.25,9929502,6244709.0,263.980194091797,237.081939697266,699393.625,668668.625,96.45217895507808,68.40866851806639,132.143173217773,190.636123657227,51.98543666137894,110.47838710083292,80.15773655639407,0.6065976365218162,0.42047506536862644,0.0533395297825336,0.39700737595558205,2.05708909034729,1.0032336374180737,0.9875942468643192,0.692536193561142,0.14627323277173387,9693.803961022135,4727.62713772018,4653.928246014734,689.2963702387633,3263.4999270550843,2529.98217773438,2.9703705156107127,1.4486371206958457,1.4260543435079356,4308.102410285872,0.4607881224623939,0.6007606036938594,-0.22214768714533323,0.3698528005019947,-0.22432434048611605,0.11245334305045282,9.982084755210066,0.008940542461246506,0.7936202711703879,1.1879216325679176,2.5977070463691244e-08
0.15997920930385598,d4,50k,0.004,50000.0,5235.987755982988,0.017010000000010718,3041339.0,3726927.0,20.764465332030966,27.738464355467983,23534.875,9981929,6940590.0,269.773773193359,249.009307861328,699161.9375,675627.0625,9971636,6244709.0,264.05865478515597,236.32019042968798,699056.625,666027.5,96.8918228149414,68.9404830932617,132.07302856445298,188.943603515625,43.00887683512623,99.87945178629825,89.06415172932675,0.6743553373265954,0.47137955491550393,0.0329637601971626,0.37958443164825395,2.0320591926574703,1.0103334484536306,0.9839622974395749,0.7190793540842115,0.185030083202334,10639.837052187191,5290.093565563279,5152.014541742506,968.8152501359344,3765.0906935650873,2480.32690429688,2.8259178644412803,1.4050374867741096,1.3683639946702502,6055.882225894856,0.5291997296935446,0.6712543530038334,-0.22299582955261113,0.33643923206450943,-0.22146038801040546,0.11197031761666519,10.369888182367317,0.0080089368539363,0.7417303210596504,0.9892631719736269,2.332223574054207e-08
0.250000059604645,d5,5k,0.005,5000.0,523.5987755982989,0.01838400000001728,2847047.5,3622637.5,13.296279907225966,21.88896179199199,1488.75,10548853,7701805.5,267.19024658203097,253.893966674805,698185.1875,696696.4375,9874791,6252153.5,261.559326171875,239.670364379883,691441.75,677051.375,97.9500350952148,67.0027542114258,130.12844848632798,201.639892578125,120.5026085957198,192.01405268751682,9.625839890608173,0.07397183323537064,0.04773777533569484,0.2875343561172489,0.5350628495216371,4.24297285079956,6.104688271446132,2.27161008119583,0.710825934058247,-0.3193957237338657,2221.615389575473,3196.40730433849,1189.4122571508888,-167.2352098783846,372.18758873641525,2645.70556640625,5.969074350700152,8.588161994306045,3.1957332623287322,-668.9406800256513,0.030232208942496886,0.04852026094760321,0.0674868823297814,-0.09905415727454749,-0.25224842368813527,0.11036974765077975,4.520720869574814,0.09806789941506562,4.016839840241483,78.42469861395332,1.971122918195323e-07
0.25,d5,10k,0.005,10000.0,1047.1975511965977,0.01838400000001728,2787638.5,3609411.5,14.028717041014971,22.384841918945,3265.9375,10386609,7598970.5,267.776702880859,253.747985839844,698863.375,695597.4375,9861565,6252153.5,262.08544921875,239.700607299805,693552.875,677218.0625,97.3059844970703,66.9380035400391,130.98709106445298,200.427764892578,111.73541128323663,181.17608511136166,19.251679781216346,0.14697387066748005,0.09605295848873306,0.254809230566025,0.517467975616455,4.1652517318725595,5.961099906297043,2.1974360346794097,0.7796851454312804,-0.24418037423794603,4361.841413734332,6242.449224312531,2301.1496344274397,-255.70508995224588,816.484375,2638.84692382812,5.342222762969998,7.645521966433873,2.818363345198663,-1022.8203598089833,0.06813500593847568,0.1070776205948176,0.06764941439996876,-0.09840726433608664,-0.2483746342976929,0.12286351750717292,5.483675478567799,0.04935848472669817,2.202980330098853,19.324116761805577,9.906906458188689e-08
0.250148415565491,d5,15k,0.005,15000.0,1570.7963267948967,0.01838400000001728,2758200.0,3603027.5,14.868927001953011,22.934127807617045,5278.9375,10250202,7492002.0,268.291015625,253.422088623047,699374.25,694095.3125,9855181,6252153.5,262.55364990234403,239.619522094727,695342.75,677051.9375,96.80657958984379,66.93170166015621,131.661148071289,198.53932189941398,102.78362839946448,169.66180222758945,28.877519671824523,0.21933212716775455,0.14544987559922637,0.221702098846436,0.498296707868576,4.09081172943115,5.82923643142281,2.13028520345688,0.8406677740255996,-0.1679995087116251,6425.832038199928,9156.543174497941,3346.244172615586,-263.893011187568,1320.517851494254,2626.97265625,4.866145528383937,6.934054821096664,2.534039330728538,-1054.9457632622039,0.11279509611349163,0.17256420675924913,0.06782504886868569,-0.09800451417985168,-0.24466849068411833,0.12893072572511,6.165384932362396,0.033095045510173386,1.5825839323925568,8.541636987641317,6.632541915860094e-08
0.25,d5,20k,0.005,20000.0,2094.3951023931954,0.01838400000001728,2742837.0,3606841.5,15.750656127930057,23.60037231445304,7651.1875,10142714,7399877.0,268.72943115234403,252.97877502441398,699686.125,692034.9375,9858995,6252153.5,262.964996337891,239.36462402343798,696771.1875,676204.9375,96.4878921508789,67.0685577392578,132.095016479492,197.145950317383,93.5916569170593,158.64259075495033,38.50335956243269,0.2914823025773301,0.19530383201098767,0.188217028975487,0.4808687567710879,4.020104885101319,5.714447587555638,2.072629570961,0.9132932333609407,-0.09151477154606313,8419.687982463163,11968.31104025914,4340.905222496028,-191.66808932270678,1912.796875,2608.390625,4.401767951687585,6.256969151656074,2.2694020882358603,-766.6723572908263,0.16675414843587633,0.24877646051793395,0.06797446932427192,-0.09780438965082677,-0.2416118213091189,0.13031534999635988,6.7556730543278665,0.02488849037195608,1.2902432735162734,4.793689928367899,4.989389778920329e-08
0.25,d5,25k,0.005,25000.0,2617.993877991494,0.01838400000001728,2751935.0,3624289.5,16.679183959961023,24.369506835937017,10249.9375,10066740,7314805.0,269.090698242188,252.411514282227,699767.9375,689518.0,9876443,6252153.5,263.323028564453,238.953521728516,697805.1875,674840.5625,96.3849868774414,67.31625366210939,132.235549926758,195.831436157227,84.10635047371716,147.70223670418613,48.12919945304086,0.36396566187911217,0.24576850580005663,0.15413011610507998,0.46392613649368303,3.9535741806030296,5.617720705938613,2.0264385342598,0.9787969317047904,-0.013521241547163887,10350.433001003968,14707.158416413344,5305.203676818213,-35.398527593319294,2562.484375,2580.20532226562,4.039217995623473,5.739413890636248,2.070336010075462,-141.59411037327754,0.22672002690373644,0.32943338219264345,0.06805541679905741,-0.09784875717170992,-0.23877263391432707,0.13088594765136666,7.264153341345841,0.01993205002236327,1.1062262249534223,3.081424362437104,3.9977718890138294e-08
0.25,d5,30k,0.005,30000.0,3141.5926535897934,0.01838400000001728,2787389.0,3654073.0,17.68069458007804,25.24272155761699,13107.8125,10014549,7227160.0,269.37420654296903,251.693511962891,699728.5,686620.6875,9898782,6244709.0,263.615570068359,238.372848510742,698531.9375,673038.6875,96.3995132446289,67.5774765014648,132.215423583984,194.580627441406,74.46038424033496,136.82558809775696,57.755039343649045,0.4368252793666142,0.2968180342672644,0.11998962610960001,0.44745227694511397,3.8898227214813197,5.533679610627849,1.98758679628372,1.0430865762483672,0.06541074783283929,12220.23848557237,17384.56721206808,6244.188077577008,205.49392485746242,3276.953125,2546.53784179688,3.729146563722168,5.305100973047358,1.9054859314098391,821.97569942985,0.292345713655762,0.4131437298293305,0.06810077212597732,-0.09817997441748656,-0.2365163862892944,0.13059747829092236,7.725382265378203,0.016607538731123812,0.982404766646428,2.167120105983638,3.333747363467629e-08
0.249999985098839,d5,35k,0.005,35000.0,3665.1914291880917,0.01838400000001728,2844615.5,3688044.0,18.710723876952983,26.123870849609006,16190.4375,9992649,7148033.5,269.575775146484,250.865051269531,699491.9375,683301.5,9932753,6244709.0,263.847381591797,237.72351074218798,698873.1875,670831.6875,96.6075439453125,68.00246429443361,131.9306640625,192.940292358398,64.54978482824279,125.5594131241408,67.38087923425721,0.5107294783442962,0.34923176704373,0.0857933387160301,0.43002596497535706,3.82989072799683,5.467033481804811,1.9603973031044,1.104337716581506,0.1450177275467756,14037.282670980923,20037.724260595325,7185.231393141697,531.5177320847758,4047.609133743684,2503.10400390625,3.468043036556167,4.9505087073618155,1.7751791627409403,2126.071055062812,0.3629354810425294,0.4980159176514502,0.06812930286127829,-0.09877903520303888,-0.23450678457918805,0.12990240594062694,8.153051438069452,0.014204379218075111,0.8915080022747439,1.621359021130396,2.8556330010285002e-08
0.24999992549419395,d5,40k,0.005,40000.0,4188.790204786391,0.01838400000001728,2925392.5,3728815.0,19.77120971679696,27.03825378418,19478.375,9997047,7071654.5,269.69464111328097,249.923431396484,699115.875,679637.5,9973524,6244709.0,264.011016845703,236.972763061523,698873.4375,668253.5625,96.9563217163086,68.5102996826172,131.456069946289,191.140594482422,54.44935082142362,114.1338753575566,77.00671912486538,0.5857981237102949,0.4028799812692181,0.05289924517273901,0.412299633026123,3.7726054191589395,5.415849621762448,1.9438768029212998,1.1625295277819474,0.22538023724411219,15802.652626297022,22685.857846234623,8142.4921113882265,944.0705301205701,4869.59229874797,2450.39477539062,3.2451695453765343,4.658677042032333,1.6721096165446454,3776.283245902389,0.436681240662792,0.5814442569327481,0.06813650830320538,-0.09966380857994227,-0.23285350866308555,0.12900482126633392,8.554139208176661,0.012384119037383323,0.8211745667838339,1.272010745033593,2.49449601150553e-08
0.25007390975952104,d5,45k,0.005,45000.0,4712.38898038469,0.01838400000001728,3033115.5,3779656.0,20.915908813477046,27.991867065428977,22990.0,10031520,6998404.5,269.783599853516,248.86769104003898,698596.5625,675606.5625,10024365,6244709.0,264.106567382812,236.114700317383,698523.1875,665274.5625,97.4854202270508,69.11081695556639,131.475143432617,189.212448120117,44.84258441714343,102.57988910464343,86.63255901547356,0.6589272827823464,0.4578586656226601,0.0289719346910715,0.39435154199600203,3.7234890460968,5.384094337377047,1.93380802869797,1.2200179588956725,0.30212833464850475,17546.52874940966,25371.946824807204,9112.855644615753,1423.7462348595916,5749.199185371389,2398.65014648438,3.0519952751082466,4.4131271167930874,1.585065215309126,5693.301777177439,0.5125238896716517,0.6621139770192798,0.06799146206080184,-0.10099167487608274,-0.23185274354280952,0.12783543726141092,8.939029939001434,0.01095159975045201,0.765802348288308,1.0363990417539175,2.2108481292145266e-08
